sample_id,Rouge rouge1,Rouge rouge2,Rouge rougeL,Rouge rougeLsum,BertScore precision,BertScore recall,BertScore f1,MQAG kl_div,MQAG counting,MQAG hellinger,MQAG total_variation,NLI Score,NLI contradiction %,system,hallucination_level,confidence_score,hallucination_type_extrinsic,hallucination_type_intrinsic,hallucination_type_NULL,prediction,label
34475490,0.5714,0.3636,0.5143,0.5143,0.9465,0.9248,0.9355,0.2662,0.3333,0.1028,0.2536,0.6665,0.1098,TranS2S,0.8,0.9,1,0,0,1,0
34461949,0.2727,0.0952,0.1818,0.1818,0.8802,0.8544,0.8671,0.6916,0.0,0.1427,0.317,0.8625,0.0,TranS2S,0.0,1.0,0,0,1,0,1
35243864,0.4706,0.125,0.2941,0.2941,0.8982,0.9002,0.8992,0.9611,0.6667,0.4211,0.4413,0.6408,0.0748,TranS2S,0.8,0.9,1,0,0,1,0
35360960,0.4706,0.2449,0.4314,0.4314,0.938,0.9384,0.9382,0.5254,0.3333,0.1237,0.1963,0.7355,0.1207,TranS2S,0.8,0.9,1,0,0,0,0
14919066,0.3529,0.125,0.3529,0.3529,0.8723,0.8298,0.8505,1.172,0.6667,0.294,0.3483,0.6505,0.0127,TranS2S,0.8,0.9,1,0,0,1,0
37276607,0.4,0.0606,0.2286,0.2286,0.8546,0.8427,0.8486,0.2131,0.0,0.0555,0.1348,0.7637,0.0,TranS2S,0.8,0.9,1,0,0,1,0
38898611,0.3256,0.1951,0.2791,0.2791,0.8768,0.8707,0.8737,0.0621,0.3333,0.0186,0.0875,0.637,0.018,TranS2S,0.8,0.9,1,0,0,0,0
37961975,0.4,0.2917,0.4,0.4,0.8351,0.8628,0.8487,0.0603,0.0,0.0379,0.0634,0.7335,0.0255,TranS2S,0.5,0.8,1,0,0,1,0
32628709,0.4828,0.2222,0.4138,0.4138,0.8973,0.8895,0.8934,0.4306,0.3333,0.2235,0.2625,0.6677,0.0405,TranS2S,0.8,0.9,0,1,0,1,1
39979364,0.4444,0.24,0.4444,0.4444,0.8897,0.883,0.8863,0.0533,0.3333,0.0183,0.0943,0.6393,0.0217,TranS2S,0.8,0.9,1,0,0,1,1
35764147,0.5116,0.2927,0.5116,0.5116,0.9016,0.8759,0.8885,0.0594,0.0,0.0304,0.0708,0.6626,0.1143,TranS2S,0.5,0.8,1,0,0,1,1
36515816,0.35,0.1053,0.2,0.2,0.9005,0.8792,0.8897,0.1327,0.3333,0.0532,0.1716,0.4587,0.8447,TranS2S,0.0,1.0,0,0,1,0,1
35035707,0.375,0.1333,0.375,0.375,0.9035,0.8774,0.8903,1.0649,0.3333,0.4834,0.5031,0.727,0.027,TranS2S,0.0,1.0,0,0,1,0,0
35903736,0.3415,0.1538,0.2927,0.2927,0.8982,0.8659,0.8818,0.0858,0.0,0.0478,0.0883,0.7587,0.0093,TranS2S,0.5,0.8,1,0,0,1,0
39141044,0.3333,0.1765,0.2778,0.2778,0.8779,0.8963,0.887,0.2121,0.3333,0.0811,0.1931,0.6754,0.0087,TranS2S,0.8,0.9,1,0,0,0,0
33261110,0.4444,0.2353,0.4444,0.4444,0.8673,0.8883,0.8777,0.2778,0.3333,0.129,0.2961,0.6219,0.1042,TranS2S,0.3,0.8,1,0,0,1,0
37310327,0.25,0.0,0.25,0.25,0.8662,0.8853,0.8756,0.1873,0.0,0.11,0.1675,0.5473,0.297,TranS2S,0.0,1.0,0,0,1,0,0
32979370,0.3636,0.1935,0.2424,0.2424,0.8996,0.8531,0.8757,0.0543,0.0,0.0129,0.0475,0.7153,0.0,TranS2S,0.0,1.0,0,0,1,0,0
38479017,0.4,0.3571,0.4,0.4,0.8783,0.8818,0.88,0.3182,0.6667,0.1289,0.3203,0.8401,0.0109,TranS2S,0.8,0.9,1,0,0,1,1
34032798,0.8,0.6842,0.8,0.8,0.9669,0.9709,0.9689,0.134,0.0,0.0545,0.1459,0.6877,0.0962,TranS2S,0.0,1.0,0,0,1,0,0
38802811,0.3125,0.1333,0.25,0.25,0.8671,0.8558,0.8614,0.0186,0.3333,0.0067,0.0494,0.7631,0.0619,TranS2S,0.5,0.8,1,0,0,1,1
39263182,0.2667,0.0,0.2,0.2,0.8445,0.8606,0.8525,0.2979,0.3333,0.1419,0.1967,0.6524,0.05,TranS2S,0.8,0.9,1,0,0,1,0
36003512,0.1935,0.069,0.1935,0.1935,0.8856,0.8828,0.8842,0.5104,0.6667,0.2488,0.2911,0.6696,0.0575,TranS2S,0.5,0.8,1,0,0,0,0
37680168,0.2941,0.0625,0.2353,0.2353,0.8984,0.8924,0.8954,0.6806,0.3333,0.3328,0.4647,0.6143,0.0649,TranS2S,0.8,0.9,1,0,0,1,1
28713677,0.2069,0.0,0.1379,0.1379,0.891,0.8977,0.8943,0.0199,0.0,0.0064,0.0516,0.8169,0.0,TranS2S,0.0,1.0,0,0,1,0,0
35309225,0.383,0.2222,0.2553,0.2553,0.9018,0.8829,0.8922,0.739,0.3333,0.3123,0.5297,0.7179,0.0472,TranS2S,0.8,0.9,1,0,0,1,0
40540127,0.6341,0.4615,0.6341,0.6341,0.8824,0.8785,0.8804,1.4609,1.0,0.5293,0.6861,0.7087,0.0877,TranS2S,0.8,0.9,1,0,0,1,1
38505171,0.4545,0.0952,0.2727,0.2727,0.8839,0.8738,0.8789,0.7414,0.3333,0.3375,0.4741,0.707,0.1181,TranS2S,0.0,1.0,0,0,1,0,0
35146033,0.4151,0.1176,0.2264,0.2264,0.8758,0.8685,0.8721,0.4867,0.6667,0.1998,0.4224,0.6898,0.0165,TranS2S,0.0,1.0,0,0,1,0,0
33002541,0.4118,0.125,0.4118,0.4118,0.8771,0.8886,0.8828,0.0764,0.0,0.021,0.0961,0.7387,0.0106,TranS2S,0.8,0.9,1,0,0,1,0
36031417,0.3125,0.0667,0.3125,0.3125,0.8618,0.8316,0.8464,0.0644,0.3333,0.0229,0.0981,0.6418,0.0741,TranS2S,0.5,0.8,1,0,0,1,1
24522070,0.5946,0.3429,0.4324,0.4324,0.891,0.894,0.8925,1.5558,0.6667,0.4217,0.5859,0.5233,0.5,TranS2S,0.8,0.9,0,1,0,1,1
37138944,0.24,0.0,0.24,0.24,0.8202,0.8443,0.8321,0.3891,0.3333,0.1478,0.207,0.7792,0.0,TranS2S,0.0,1.0,0,0,1,0,1
36884752,0.2857,0.05,0.1905,0.1905,0.8985,0.9106,0.9045,0.0091,0.0,0.0036,0.0133,0.5717,0.3033,TranS2S,0.0,1.0,0,0,1,0,1
36686216,0.2439,0.0513,0.1951,0.1951,0.8267,0.8734,0.8494,0.4566,0.3333,0.1763,0.3508,0.9658,0.0,TranS2S,0.5,0.8,1,0,0,0,0
36368433,0.2564,0.1081,0.2564,0.2564,0.8705,0.8568,0.8636,0.7245,0.3333,0.2809,0.3213,0.8284,0.0,TranS2S,0.0,1.0,0,0,1,0,0
40682974,0.4118,0.125,0.3529,0.3529,0.8761,0.8542,0.865,0.8045,0.6667,0.4095,0.3874,0.9148,0.0,TranS2S,0.8,0.9,1,0,0,1,0
35419902,0.3684,0.1667,0.3158,0.3158,0.8706,0.8574,0.864,0.3248,0.0,0.1564,0.3477,0.8651,0.0,TranS2S,0.5,0.8,1,0,0,1,0
30648457,0.5294,0.125,0.3529,0.3529,0.9205,0.9119,0.9162,3.2743,1.0,0.8603,0.8599,0.7187,0.1447,TranS2S,0.8,0.9,1,0,0,0,0
37204235,0.4651,0.1951,0.3256,0.3256,0.8636,0.8807,0.8721,0.2135,0.3333,0.1036,0.1849,0.8085,0.0182,TranS2S,0.0,1.0,0,0,1,0,0
28783667,0.4545,0.2857,0.3636,0.3636,0.8566,0.8683,0.8624,1.3182,0.6667,0.3875,0.5022,0.8435,0.0155,TranS2S,0.0,1.0,0,0,1,0,0
36207647,0.6897,0.4444,0.6207,0.6207,0.9733,0.9493,0.9612,0.531,0.3333,0.176,0.1953,0.6119,0.1143,TranS2S,0.0,1.0,0,0,1,0,0
39605527,0.0,0.0,0.0,0.0,0.8566,0.8319,0.8441,1.0062,1.0,0.2612,0.4977,0.8433,0.0,TranS2S,0.5,0.8,1,0,0,1,1
36476135,0.2632,0.0556,0.2105,0.2105,0.8412,0.8404,0.8408,0.0653,0.3333,0.0214,0.1063,0.8847,0.0,TranS2S,0.8,0.9,1,0,0,0,0
37543139,0.32,0.1739,0.24,0.24,0.9248,0.8799,0.9018,0.1609,0.0,0.0468,0.1585,0.8719,0.0,TranS2S,0.8,0.9,1,0,0,0,0
38865319,0.5116,0.2439,0.3721,0.3721,0.8856,0.8587,0.8719,0.0959,0.3333,0.0497,0.1123,0.7833,0.0085,TranS2S,0.8,0.9,1,0,0,1,1
11154244,0.3636,0.129,0.2424,0.2424,0.896,0.8924,0.8942,0.8925,0.6667,0.4129,0.4768,0.7717,0.0127,TranS2S,0.8,0.9,1,0,0,0,0
26668081,0.3913,0.1364,0.2174,0.2174,0.8719,0.8701,0.871,0.2885,0.6667,0.0884,0.2432,0.6468,0.1368,TranS2S,0.0,1.0,0,0,1,0,0
37278170,0.55,0.3158,0.45,0.45,0.9086,0.9119,0.9103,0.0702,0.0,0.0261,0.0989,0.7443,0.0213,TranS2S,0.0,1.0,0,0,1,0,0
34104114,0.3158,0.0556,0.3158,0.3158,0.9041,0.9205,0.9122,0.1598,0.3333,0.0807,0.1705,0.9059,0.0,TranS2S,0.2,0.8,1,0,0,1,0
37018844,0.3721,0.2439,0.2791,0.2791,0.8737,0.8455,0.8594,0.3283,0.6667,0.1454,0.3148,0.9096,0.0,TranS2S,0.8,0.9,1,0,0,1,0
35426361,0.5161,0.2069,0.3871,0.3871,0.9011,0.9222,0.9115,1.1484,0.3333,0.4446,0.4593,0.9513,0.0,TranS2S,0.5,0.8,1,0,0,1,1
36415371,0.4211,0.2222,0.4211,0.4211,0.8663,0.8561,0.8612,1.7533,0.6667,0.5829,0.6001,0.605,0.2075,TranS2S,0.8,0.9,1,0,0,1,0
12620805,0.96,0.9167,0.96,0.96,0.9618,0.9554,0.9586,0.5737,0.3333,0.2569,0.3323,0.6988,0.0073,TranS2S,0.8,0.9,1,0,0,1,1
39202525,0.8571,0.7879,0.8571,0.8571,0.9681,0.9471,0.9575,0.4572,0.6667,0.1927,0.4055,0.8029,0.0,TranS2S,0.0,1.0,0,0,1,0,1
30520122,0.4615,0.1622,0.359,0.359,0.8772,0.8838,0.8805,1.5802,0.3333,0.522,0.4093,0.8417,0.0,TranS2S,0.8,0.9,1,0,0,1,1
32194983,0.2,0.0345,0.2,0.2,0.8292,0.8615,0.845,1.3952,1.0,0.4784,0.5636,0.0902,0.996,TranS2S,0.8,0.9,1,0,0,0,0
35130953,0.3,0.1053,0.2,0.2,0.8748,0.8702,0.8725,0.3224,0.3333,0.1333,0.277,0.5806,0.1518,TranS2S,0.5,0.8,1,0,0,1,1
40407620,0.6,0.3684,0.55,0.55,0.8836,0.8695,0.8765,0.4909,0.3333,0.2338,0.2719,0.764,0.0088,TranS2S,0.8,0.9,1,0,0,1,1
38159550,0.4082,0.1277,0.4082,0.4082,0.8893,0.8981,0.8936,0.1327,0.3333,0.0516,0.2118,0.6069,0.1429,TranS2S,0.8,0.9,1,0,0,1,0
26952321,0.1818,0.0,0.1212,0.1212,0.8426,0.8199,0.8311,1.687,1.0,0.5965,0.6915,0.8307,0.0,TranS2S,0.8,0.9,1,0,0,1,1
38316455,0.2553,0.0889,0.1702,0.1702,0.8823,0.876,0.8791,0.0986,0.3333,0.0445,0.1542,0.7006,0.021,TranS2S,0.5,0.8,1,0,0,1,1
32719212,0.4211,0.2222,0.3684,0.3684,0.8853,0.8458,0.8651,0.3234,0.0,0.0932,0.2425,0.5846,0.0543,TranS2S,0.8,0.9,1,0,0,1,0
40613520,0.6047,0.4878,0.6047,0.6047,0.942,0.9234,0.9326,0.8416,0.3333,0.3345,0.3593,0.8093,0.0,TranS2S,0.8,0.9,1,0,0,1,1
29724093,0.0526,0.0,0.0526,0.0526,0.8504,0.8576,0.854,0.5245,0.3333,0.2872,0.3868,0.755,0.0275,TranS2S,0.0,1.0,0,0,1,0,0
37913436,0.4651,0.2439,0.4186,0.4186,0.8919,0.9029,0.8974,1.7065,0.6667,0.6016,0.6465,0.6983,0.0699,TranS2S,0.0,1.0,0,0,1,0,0
34125832,0.2857,0.0,0.2857,0.2857,0.8743,0.8542,0.8641,0.8679,0.6667,0.378,0.5468,0.9264,0.0,TranS2S,0.0,1.0,0,0,1,0,0
34195413,0.3226,0.069,0.3226,0.3226,0.8932,0.8881,0.8906,0.0927,0.3333,0.0308,0.1367,0.742,0.0388,TranS2S,0.8,0.9,1,0,0,1,0
38693675,0.6364,0.4286,0.5909,0.5909,0.9538,0.9552,0.9545,2.0965,0.6667,0.4659,0.6441,0.6675,0.1053,TranS2S,0.8,0.9,1,0,0,1,0
38618826,0.5854,0.4103,0.5366,0.5366,0.8981,0.8966,0.8974,0.129,0.6667,0.0561,0.1674,0.853,0.0,TranS2S,0.8,0.9,0,1,0,1,1
40911747,0.2051,0.1081,0.1026,0.1026,0.8835,0.9036,0.8934,0.2159,0.3333,0.0894,0.1799,0.693,0.0388,TranS2S,0.8,0.9,1,0,0,0,0
37834404,0.2667,0.0714,0.2,0.2,0.8522,0.8908,0.8711,2.5561,0.6667,0.8061,0.7653,0.8297,0.0112,TranS2S,0.0,1.0,0,0,1,0,0
39738747,0.2667,0.093,0.1778,0.1778,0.875,0.8504,0.8625,0.0883,0.0,0.0332,0.1926,0.7534,0.0088,TranS2S,0.8,0.9,1,0,0,1,1
38324244,0.2,0.0526,0.2,0.2,0.8575,0.8531,0.8553,2.0051,1.0,0.7245,0.7255,0.7159,0.0087,TranS2S,0.8,0.9,1,0,0,1,0
38285834,0.3077,0.16,0.2308,0.2308,0.8583,0.88,0.869,0.3333,0.0,0.1878,0.2751,0.7061,0.0,TranS2S,0.8,0.9,1,0,0,1,1
38034979,0.2667,0.0714,0.2667,0.2667,0.8528,0.8537,0.8532,0.1168,0.3333,0.0424,0.1549,0.7666,0.0114,TranS2S,0.8,0.9,1,0,0,1,0
38435210,0.4375,0.2,0.375,0.375,0.8313,0.8586,0.8448,0.9974,0.3333,0.2621,0.3741,0.76,0.0,TranS2S,0.8,0.9,1,0,0,1,0
37554205,0.3243,0.0571,0.2703,0.2703,0.9216,0.8854,0.9031,0.7519,0.6667,0.319,0.4087,0.9845,0.0,TranS2S,0.0,1.0,0,0,1,0,0
36664885,0.1176,0.0,0.1176,0.1176,0.8096,0.8367,0.8229,0.5786,0.3333,0.2525,0.4694,0.7427,0.0119,TranS2S,0.8,0.9,1,0,0,1,1
35761017,0.5,0.3333,0.4091,0.4091,0.898,0.8937,0.8958,0.1073,0.6667,0.0366,0.1975,0.4232,0.7752,TranS2S,0.0,1.0,0,0,1,0,1
38550016,0.0,0.0,0.0,0.0,0.825,0.8313,0.8281,0.3155,0.0,0.1731,0.2313,0.9165,0.0,TranS2S,0.0,1.0,0,0,1,0,1
41009988,0.5714,0.4615,0.5714,0.5714,0.9622,0.9451,0.9536,0.7017,0.3333,0.2608,0.3146,0.8384,0.0,TranS2S,0.8,0.9,1,0,0,1,0
30938477,0.6667,0.5161,0.6667,0.6667,0.9507,0.9352,0.9429,0.0389,0.3333,0.0147,0.1033,0.4912,0.75,TranS2S,1.0,0.9,0,1,0,1,0
40605628,0.0,0.0,0.0,0.0,0.8471,0.8514,0.8493,0.0363,0.0,0.0143,0.0741,0.8948,0.0,TranS2S,0.8,0.9,1,0,0,0,0
21267591,0.375,0.1739,0.375,0.375,0.873,0.8825,0.8778,0.09,0.0,0.0344,0.131,0.5146,0.4343,TranS2S,0.5,0.8,1,0,0,1,1
40883148,0.2273,0.0476,0.2273,0.2273,0.8736,0.8437,0.8584,0.2202,0.3333,0.077,0.1965,0.8347,0.0,TranS2S,0.8,0.9,0,1,0,1,1
37092547,0.087,0.0,0.087,0.087,0.8568,0.8072,0.8313,0.3662,0.6667,0.1782,0.307,0.791,0.0,TranS2S,0.8,0.9,1,0,0,0,0
39186557,0.15,0.0,0.1,0.1,0.8689,0.8763,0.8726,0.0491,0.0,0.0195,0.0357,0.8169,0.0,TranS2S,0.0,1.0,0,0,1,0,1
33584822,0.5882,0.5,0.5882,0.5882,0.9134,0.9285,0.9209,0.1372,0.0,0.0447,0.1271,0.5176,0.487,TranS2S,0.8,0.9,1,0,0,0,0
36226983,0.1765,0.0,0.1176,0.1176,0.8809,0.8749,0.8779,0.149,0.0,0.0948,0.1427,0.7862,0.0109,TranS2S,0.5,0.8,1,0,0,1,0
29945991,0.1905,0.05,0.1429,0.1429,0.8596,0.8315,0.8453,0.7189,0.3333,0.2925,0.4576,0.8705,0.0,TranS2S,0.0,1.0,0,0,1,0,0
38276456,0.375,0.1333,0.3125,0.3125,0.8986,0.8812,0.8898,0.2449,0.3333,0.1124,0.235,0.7765,0.0116,TranS2S,0.0,1.0,0,0,1,0,1
26381454,0.3,0.0526,0.1,0.1,0.8804,0.8721,0.8762,0.3829,0.0,0.1823,0.2844,0.9392,0.0,TranS2S,0.8,0.9,1,0,0,1,1
40419819,0.2439,0.0,0.1463,0.1463,0.8512,0.8788,0.8648,2.0831,1.0,0.6639,0.7534,0.6936,0.0268,TranS2S,0.8,0.9,1,0,0,1,1
30891145,0.2162,0.0,0.1622,0.1622,0.8735,0.8321,0.8523,1.0962,0.6667,0.3982,0.5187,0.6856,0.0879,TranS2S,0.8,0.9,1,0,0,1,0
36729220,0.3043,0.0909,0.2174,0.2174,0.8817,0.8627,0.8721,0.0325,0.0,0.0133,0.0699,0.8243,0.0826,TranS2S,0.8,0.9,1,0,0,1,1
25840979,0.2667,0.0714,0.2,0.2,0.8852,0.8762,0.8807,0.739,0.6667,0.3251,0.4443,0.7972,0.0,TranS2S,0.8,0.9,1,0,0,1,1
30310314,0.0,0.0,0.0,0.0,0.8446,0.8464,0.8455,0.1792,0.3333,0.0584,0.2116,0.9249,0.0,TranS2S,0.8,0.9,1,0,0,1,0
35521849,0.1951,0.0,0.0976,0.0976,0.8483,0.8491,0.8487,0.7192,1.0,0.3139,0.399,0.7565,0.1143,TranS2S,0.8,0.9,1,0,0,1,1
37207414,0.3556,0.093,0.2667,0.2667,0.8924,0.8794,0.8858,0.9047,0.3333,0.2409,0.3198,0.7552,0.0093,TranS2S,0.0,1.0,0,0,1,0,1
35226958,0.2581,0.1379,0.2581,0.2581,0.8774,0.8873,0.8823,0.2447,0.3333,0.1053,0.167,0.7715,0.0,TranS2S,0.5,0.8,1,0,0,1,1
38534338,0.5128,0.2162,0.4103,0.4103,0.9358,0.9049,0.9201,1.1503,0.6667,0.2252,0.4183,0.726,0.012,TranS2S,0.0,1.0,0,0,1,0,1
35083545,0.4571,0.303,0.4571,0.4571,0.8849,0.8774,0.8811,0.0844,0.0,0.0432,0.1175,0.5307,0.4173,TranS2S,0.8,0.9,1,0,0,0,0
36711337,0.5,0.1429,0.3636,0.3636,0.9152,0.9209,0.918,0.5102,0.3333,0.1792,0.3681,0.7503,0.0175,TranS2S,0.8,0.9,1,0,0,1,1
36469756,0.1212,0.0645,0.1212,0.1212,0.8223,0.8662,0.8437,0.3847,0.3333,0.1548,0.2731,0.7937,0.0,TranS2S,0.8,0.9,1,0,0,0,0
38134212,0.1765,0.0,0.1176,0.1176,0.8745,0.872,0.8732,0.4372,0.3333,0.2576,0.2574,0.8608,0.0,TranS2S,0.8,0.9,1,0,0,1,0
39856848,0.4091,0.1429,0.3182,0.3182,0.8722,0.8479,0.8599,0.7116,0.3333,0.3443,0.4847,0.7121,0.0138,TranS2S,0.5,0.8,1,0,0,1,1
33055691,0.6061,0.2581,0.5455,0.5455,0.93,0.9109,0.9203,0.1217,0.0,0.039,0.1448,0.8832,0.0,TranS2S,0.8,0.9,0,1,0,1,1
40285994,0.3158,0.0556,0.2105,0.2105,0.8358,0.8413,0.8385,0.3998,0.3333,0.1696,0.2844,0.7963,0.0063,TranS2S,0.0,1.0,0,0,1,0,1
35644259,0.3721,0.1463,0.3256,0.3256,0.8992,0.8803,0.8897,1.1629,1.0,0.5348,0.6938,0.6836,0.129,TranS2S,0.8,0.9,1,0,0,1,1
33847273,0.1967,0.0339,0.1311,0.1311,0.8315,0.8526,0.8419,0.3016,1.0,0.0933,0.2703,0.1412,1.0,TranS2S,0.0,1.0,0,0,1,0,0
30216408,0.3158,0.0556,0.2105,0.2105,0.8835,0.855,0.869,0.3049,0.3333,0.127,0.2377,0.6998,0.0196,TranS2S,0.8,0.9,1,0,0,1,1
21326309,0.2,0.1429,0.2,0.2,0.9038,0.8636,0.8832,0.0999,0.3333,0.0565,0.1086,0.8164,0.0,TranS2S,0.8,0.9,1,0,0,0,0
32926574,0.4571,0.2424,0.4571,0.4571,0.9034,0.8845,0.8939,1.131,0.6667,0.4365,0.4703,0.7544,0.0,TranS2S,0.0,1.0,0,0,1,0,0
36063085,0.3243,0.1143,0.2162,0.2162,0.8686,0.8576,0.8631,0.3926,0.6667,0.0957,0.1862,0.7204,0.0161,TranS2S,0.8,0.9,1,0,0,1,1
33548633,0.4375,0.2,0.3125,0.3125,0.8726,0.8858,0.8792,0.6106,0.3333,0.323,0.3825,0.6902,0.0211,TranS2S,0.8,0.9,1,0,0,1,1
40223602,0.6875,0.5333,0.6875,0.6875,0.9243,0.9302,0.9273,0.3795,0.3333,0.1945,0.2279,0.7211,0.0388,TranS2S,0.8,0.9,1,0,0,1,1
24553569,0.4,0.1212,0.2286,0.2286,0.8834,0.9019,0.8926,0.654,0.3333,0.2578,0.3877,0.6351,0.0217,TranS2S,0.8,0.9,0,1,0,1,1
23304092,0.3784,0.0571,0.2703,0.2703,0.9273,0.8946,0.9106,0.506,0.3333,0.246,0.3334,0.8727,0.0099,TranS2S,0.8,0.9,1,0,0,1,1
38518021,0.2857,0.15,0.2381,0.2381,0.8644,0.8594,0.8619,0.2227,0.0,0.1198,0.2399,0.7176,0.0095,TranS2S,0.0,1.0,0,0,1,0,1
39379405,0.6061,0.3226,0.3636,0.3636,0.9609,0.9521,0.9564,0.1061,0.0,0.0373,0.128,0.8308,0.0,TranS2S,0.8,0.9,1,0,0,1,0
36081635,0.4643,0.2222,0.2857,0.2857,0.8791,0.8613,0.8701,0.6225,0.6667,0.2305,0.4405,0.8087,0.0,TranS2S,0.9,0.8,1,0,0,0,0
38181139,0.3902,0.1538,0.2927,0.2927,0.8779,0.8626,0.8702,0.2145,0.0,0.1113,0.1869,0.7128,0.1593,TranS2S,0.8,0.9,1,0,0,0,0
37565125,0.2143,0.0769,0.2143,0.2143,0.8566,0.8772,0.8668,0.3866,0.3333,0.2056,0.2205,0.6577,0.1064,TranS2S,0.5,0.8,1,0,0,1,0
32201626,0.16,0.087,0.16,0.16,0.8557,0.8526,0.8541,1.1484,1.0,0.4245,0.6734,0.6034,0.2745,TranS2S,0.8,0.9,1,0,0,1,1
33480318,0.2791,0.0488,0.2326,0.2326,0.8879,0.8421,0.8644,0.3165,0.3333,0.0851,0.1909,0.9197,0.0,TranS2S,0.5,0.8,1,0,0,1,0
16025568,0.25,0.0,0.2,0.2,0.8538,0.8639,0.8588,0.8469,0.3333,0.3613,0.4745,0.6283,0.0179,TranS2S,0.0,1.0,0,0,1,0,0
31920236,0.4878,0.2564,0.3902,0.3902,0.866,0.8564,0.8611,0.2169,0.3333,0.0678,0.1507,0.6101,0.1391,TranS2S,0.0,1.0,0,0,1,0,0
36880863,0.6,0.3571,0.5333,0.5333,0.9381,0.9539,0.9459,0.4717,0.3333,0.1889,0.3249,0.4526,0.8681,TranS2S,0.5,0.8,0,1,0,1,0
36899715,0.3478,0.0952,0.3478,0.3478,0.9093,0.903,0.9061,0.7059,0.6667,0.3756,0.4354,0.9126,0.0,TranS2S,0.8,0.9,1,0,0,0,0
35412241,0.3256,0.1463,0.186,0.186,0.8546,0.8403,0.8474,0.2459,0.3333,0.0799,0.242,0.8534,0.0,TranS2S,0.8,0.9,1,0,0,0,0
40550057,0.2609,0.0455,0.2609,0.2609,0.8195,0.8362,0.8278,1.1197,1.0,0.4601,0.6278,0.8379,0.0,TranS2S,0.8,0.9,1,0,0,1,0
35422587,0.0,0.0,0.0,0.0,0.8058,0.8247,0.8151,0.4362,0.6667,0.1338,0.3189,0.7311,0.0,TranS2S,0.8,0.9,1,0,0,1,1
39964844,0.3243,0.1714,0.2162,0.2162,0.8703,0.8783,0.8743,0.0432,0.0,0.0228,0.0692,0.8153,0.0,TranS2S,0.5,0.8,1,0,0,1,0
39062234,0.4545,0.1905,0.3182,0.3182,0.8886,0.8812,0.8849,0.0723,0.0,0.0397,0.0855,0.593,0.1458,TranS2S,0.8,0.9,0,1,0,1,1
36307661,0.3784,0.1714,0.3784,0.3784,0.8793,0.8875,0.8834,0.5023,0.6667,0.2107,0.3613,0.398,0.9618,TranS2S,0.8,0.9,1,0,0,1,0
36738377,0.3784,0.1143,0.2703,0.2703,0.8973,0.8646,0.8807,1.258,0.3333,0.4785,0.5694,0.7596,0.0449,TranS2S,0.8,0.9,1,0,0,1,0
35051818,0.5217,0.3182,0.5217,0.5217,0.9028,0.9007,0.9017,0.0025,0.0,0.0009,0.0178,0.5979,0.1707,TranS2S,0.8,0.9,1,0,0,1,1
39553812,0.0,0.0,0.0,0.0,0.8076,0.8185,0.813,0.1996,0.6667,0.0636,0.1819,0.5364,0.4537,TranS2S,0.0,1.0,0,0,1,0,0
18944949,0.383,0.1778,0.2979,0.2979,0.8582,0.8705,0.8643,0.5757,0.6667,0.2815,0.3908,0.6365,0.1071,TranS2S,0.2,0.8,1,0,0,0,0
31084967,0.2963,0.08,0.1481,0.1481,0.8937,0.886,0.8899,1.5603,0.6667,0.3169,0.3865,0.8941,0.0156,TranS2S,0.8,0.9,1,0,0,1,1
36824899,0.1538,0.0,0.1538,0.1538,0.8543,0.8364,0.8453,0.0498,0.3333,0.0172,0.0853,0.7898,0.0208,TranS2S,0.0,1.0,0,0,1,0,1
39587051,0.359,0.1081,0.2564,0.2564,0.8938,0.8524,0.8726,0.1482,0.0,0.0875,0.1223,0.8001,0.0,TranS2S,0.0,1.0,0,0,1,0,1
37791582,0.4667,0.0714,0.4,0.4,0.8883,0.8895,0.8889,0.5472,0.6667,0.2657,0.3398,0.6861,0.02,TranS2S,0.8,0.9,1,0,0,1,1
33645248,0.5,0.1538,0.3571,0.3571,0.8698,0.8621,0.8659,1.3518,0.6667,0.3072,0.4489,0.8736,0.0,TranS2S,0.0,1.0,0,0,1,0,0
40422011,0.4571,0.2424,0.4,0.4,0.8939,0.9149,0.9043,0.1235,0.3333,0.0455,0.1613,0.8341,0.0,TranS2S,0.8,0.9,1,0,0,0,0
38113759,0.3396,0.1569,0.2264,0.2264,0.8418,0.8744,0.8577,0.4333,0.6667,0.1877,0.2725,0.9904,0.0,TranS2S,0.8,0.9,1,0,0,1,0
21405673,0.5366,0.359,0.4878,0.4878,0.9126,0.9053,0.9089,0.1053,0.0,0.0604,0.0807,0.7213,0.0388,TranS2S,0.5,0.8,1,0,0,1,0
36086291,0.2326,0.0488,0.1395,0.1395,0.8447,0.8357,0.8402,0.9774,1.0,0.3469,0.4914,0.6532,0.0168,TranS2S,0.8,0.9,1,0,0,1,1
26503920,0.1818,0.0,0.1818,0.1818,0.7971,0.8693,0.8316,1.0765,0.3333,0.4367,0.4698,0.8988,0.0,TranS2S,0.0,1.0,0,0,1,0,1
34793274,0.4103,0.1081,0.3077,0.3077,0.9122,0.8847,0.8982,1.156,0.3333,0.2934,0.3124,0.7663,0.0,TranS2S,0.0,1.0,0,0,1,0,0
33626398,0.4878,0.3077,0.439,0.439,0.9125,0.8764,0.8941,0.5401,0.6667,0.2073,0.4022,0.7691,0.0,TranS2S,0.8,0.9,1,0,0,0,0
35864106,0.3111,0.0465,0.1778,0.1778,0.8554,0.8516,0.8535,0.214,0.0,0.0941,0.2012,0.7492,0.0136,TranS2S,0.2,0.8,0,1,0,1,1
37904959,0.2941,0.125,0.2353,0.2353,0.852,0.862,0.857,0.0234,0.0,0.0101,0.0409,0.8107,0.0,TranS2S,0.8,0.9,1,0,0,0,0
37619047,0.4324,0.3429,0.4324,0.4324,0.8817,0.8684,0.875,0.8259,0.3333,0.1697,0.2728,0.8597,0.0109,TranS2S,0.8,0.9,1,0,0,1,0
39705629,0.2286,0.0,0.1714,0.1714,0.8817,0.8443,0.8626,0.9778,0.0,0.2188,0.3941,0.9079,0.0,TranS2S,0.8,0.9,1,0,0,0,0
32457391,0.4286,0.2,0.381,0.381,0.9077,0.8976,0.9026,0.2202,0.0,0.1253,0.2083,0.7833,0.0095,TranS2S,0.8,0.9,1,0,0,1,1
33517280,0.6286,0.4848,0.6286,0.6286,0.9679,0.941,0.9543,0.6599,0.3333,0.2929,0.4285,0.8571,0.0,TranS2S,0.8,0.9,0,1,0,1,0
36903904,0.3265,0.0426,0.2857,0.2857,0.8709,0.8352,0.8527,0.8834,0.3333,0.4254,0.5553,0.6951,0.0076,TranS2S,0.8,0.9,1,0,0,1,0
34768820,0.65,0.4737,0.65,0.65,0.97,0.9334,0.9514,0.0977,0.0,0.0192,0.0501,0.6625,0.1077,TranS2S,0.8,0.9,1,0,0,0,0
17592709,0.1212,0.0,0.0606,0.0606,0.8532,0.8415,0.8473,0.9211,0.6667,0.3771,0.4399,0.4308,0.8367,TranS2S,0.8,0.9,1,0,0,0,0
12402158,0.2143,0.037,0.1071,0.1071,0.8379,0.859,0.8484,1.1429,1.0,0.4057,0.6525,0.8351,0.0,TranS2S,0.8,0.9,1,0,0,1,0
38591554,0.2105,0.0556,0.1579,0.1579,0.8874,0.8937,0.8905,1.1692,0.6667,0.4716,0.5757,0.6389,0.0165,TranS2S,0.0,1.0,0,0,1,0,0
39219355,0.3333,0.15,0.3333,0.3333,0.8571,0.8328,0.8447,0.0976,0.3333,0.048,0.1168,0.6783,0.0818,TranS2S,0.8,0.9,1,0,0,1,1
38630833,0.4848,0.2581,0.4848,0.4848,0.944,0.9394,0.9417,0.7448,0.3333,0.3247,0.4486,0.692,0.1042,TranS2S,0.8,0.9,1,0,0,1,1
36922763,0.5,0.3158,0.5,0.5,0.9066,0.9251,0.9157,0.3064,0.3333,0.1306,0.2671,0.8538,0.0102,TranS2S,0.8,0.9,1,0,0,0,0
32584708,0.3333,0.1176,0.1667,0.1667,0.8851,0.8432,0.8637,0.2196,0.0,0.1201,0.1894,0.5615,0.4696,TranS2S,0.8,0.9,1,0,0,1,0
32504766,0.3077,0.0,0.2564,0.2564,0.8702,0.8733,0.8718,0.9704,0.3333,0.3523,0.3675,0.5309,0.3933,TranS2S,0.5,0.8,1,0,0,1,0
40432797,0.35,0.1053,0.15,0.15,0.86,0.8643,0.8621,0.3202,0.3333,0.1358,0.2519,0.6939,0.0541,TranS2S,0.8,0.9,1,0,0,1,1
38527669,0.4681,0.2667,0.4255,0.4255,0.8665,0.8625,0.8645,0.1421,0.0,0.0662,0.1645,0.6178,0.1172,TranS2S,0.8,0.9,1,0,0,1,1
35265124,0.3889,0.0,0.2778,0.2778,0.9052,0.9285,0.9167,0.0857,0.0,0.0367,0.1473,0.7414,0.1556,TranS2S,0.0,1.0,0,0,1,0,1
35933239,0.32,0.0,0.2,0.2,0.8725,0.8621,0.8673,0.017,0.0,0.0059,0.0623,0.9392,0.0,TranS2S,0.0,1.0,0,0,1,0,0
34862856,0.5532,0.3556,0.5106,0.5106,0.9288,0.8949,0.9116,0.992,0.3333,0.4543,0.5544,0.748,0.0101,TranS2S,0.5,0.8,1,0,0,1,1
27786442,0.4412,0.0606,0.2353,0.2353,0.8447,0.8667,0.8556,0.2734,0.6667,0.0893,0.2993,0.9925,0.0,TranS2S,0.0,1.0,0,0,1,0,0
33652722,0.4444,0.2353,0.3889,0.3889,0.929,0.909,0.9189,0.6085,0.3333,0.1893,0.3008,0.6698,0.0114,TranS2S,0.8,0.9,1,0,0,1,0
33694248,0.2162,0.0,0.1622,0.1622,0.8702,0.8756,0.8729,0.3656,0.6667,0.1693,0.303,0.6922,0.0095,TranS2S,0.8,0.9,1,0,0,1,1
22839609,0.3182,0.1905,0.3182,0.3182,0.8486,0.862,0.8552,0.0715,0.3333,0.029,0.1281,0.7697,0.0098,TranS2S,0.8,0.9,1,0,0,0,0
22021705,0.2051,0.0541,0.1026,0.1026,0.8805,0.8666,0.8735,0.2286,0.0,0.1118,0.2163,0.7145,0.1284,TranS2S,0.8,0.9,1,0,0,0,0
37972178,0.4,0.087,0.24,0.24,0.9283,0.9334,0.9308,0.1467,0.0,0.0591,0.1893,0.9009,0.0,TranS2S,0.8,0.9,1,0,0,1,0
34536537,0.4103,0.1081,0.2051,0.2051,0.8827,0.9029,0.8927,0.6062,0.6667,0.2022,0.3902,0.5914,0.2523,TranS2S,0.8,0.9,1,0,0,0,0
35039462,0.4118,0.3125,0.4118,0.4118,0.9193,0.9317,0.9254,0.071,0.0,0.023,0.1267,0.7759,0.022,TranS2S,0.8,0.9,1,0,0,0,0
37728276,0.1622,0.0571,0.1081,0.1081,0.8614,0.8821,0.8716,1.1003,0.6667,0.3591,0.421,0.6977,0.0081,TranS2S,0.8,0.9,1,0,0,0,0
36047508,0.6,0.4286,0.6,0.6,0.9147,0.9082,0.9114,0.1297,0.0,0.0478,0.1218,0.795,0.0217,TranS2S,0.0,1.0,0,0,1,0,0
39740178,0.4186,0.1951,0.3721,0.3721,0.8751,0.8911,0.883,0.6958,0.3333,0.2393,0.3925,0.7742,0.0157,TranS2S,0.5,0.8,1,0,0,0,0
30280942,0.3111,0.0,0.1778,0.1778,0.8908,0.8963,0.8935,0.7796,0.3333,0.1899,0.3342,0.7624,0.016,TranS2S,0.8,0.9,1,0,0,0,0
34774405,0.0571,0.0,0.0571,0.0571,0.8418,0.8227,0.8321,0.1904,0.6667,0.0654,0.2041,0.9519,0.0,TranS2S,0.8,0.9,1,0,0,0,0
35337082,0.3077,0.1081,0.2564,0.2564,0.875,0.887,0.881,0.8007,0.3333,0.3758,0.5518,0.4385,0.8397,TranS2S,0.8,0.9,1,0,0,1,1
39206355,0.5517,0.2222,0.4828,0.4828,0.904,0.8717,0.8876,0.3688,0.0,0.178,0.257,0.8562,0.0,TranS2S,0.8,0.9,1,0,0,0,0
30453069,0.2979,0.0,0.2128,0.2128,0.8473,0.8452,0.8463,0.4995,0.3333,0.204,0.3084,0.8506,0.0,TranS2S,0.8,0.9,1,0,0,0,0
39540625,0.1481,0.08,0.1481,0.1481,0.8237,0.8303,0.827,0.0841,0.3333,0.0306,0.1675,0.892,0.0,TranS2S,0.5,0.8,1,0,0,0,0
38620027,0.4762,0.4,0.4762,0.4762,0.8619,0.8509,0.8564,0.7023,0.3333,0.2582,0.3753,0.5352,0.4435,TranS2S,0.0,1.0,0,0,1,0,0
32280676,0.5333,0.3571,0.5333,0.5333,0.923,0.903,0.9129,3.5459,0.6667,0.8474,0.8048,0.597,0.0886,TranS2S,0.8,0.9,1,0,0,0,0
34578307,0.3158,0.0556,0.2105,0.2105,0.8867,0.8816,0.8841,0.0025,0.0,0.001,0.0148,0.7688,0.0241,TranS2S,0.5,0.8,1,0,0,0,0
37814323,0.4167,0.1304,0.25,0.25,0.8283,0.8695,0.8484,1.7533,0.3333,0.3709,0.3825,0.5746,0.1915,TranS2S,0.2,0.8,1,0,0,0,0
36591829,0.6857,0.303,0.5143,0.5143,0.9341,0.9141,0.924,2.0484,0.6667,0.6664,0.6128,0.6309,0.0723,TranS2S,0.8,0.9,1,0,0,0,0
34593064,0.8,0.6957,0.8,0.8,0.964,0.9285,0.9459,0.0359,0.0,0.0129,0.0884,0.6888,0.0182,TranS2S,0.0,1.0,0,0,1,0,1
19330169,0.5161,0.4828,0.5161,0.5161,0.9088,0.9062,0.9075,2.5569,1.0,0.7856,0.7782,0.6004,0.1579,TranS2S,0.8,0.9,1,0,0,0,0
36882573,0.2791,0.0976,0.2791,0.2791,0.8614,0.905,0.8827,0.0866,0.0,0.0409,0.124,0.7352,0.0127,TranS2S,0.5,0.8,1,0,0,0,0
39270960,0.3529,0.125,0.2353,0.2353,0.8964,0.8732,0.8847,0.2981,0.3333,0.1056,0.3289,0.8536,0.0,TranS2S,0.8,0.9,1,0,0,0,0
18644660,0.1905,0.05,0.1429,0.1429,0.8386,0.8537,0.8461,0.6191,0.3333,0.2595,0.3801,0.8458,0.0,TranS2S,0.5,0.8,1,0,0,0,0
36687249,0.3415,0.2051,0.1951,0.1951,0.8665,0.859,0.8627,0.2621,0.0,0.1345,0.2419,0.8127,0.0097,TranS2S,0.0,1.0,0,0,1,0,0
35767345,0.5333,0.2791,0.2667,0.2667,0.8862,0.8749,0.8805,0.0959,0.6667,0.0393,0.1732,0.6288,0.072,TranS2S,0.5,0.8,1,0,0,0,0
40764446,0.35,0.1579,0.35,0.35,0.89,0.904,0.897,0.1564,0.0,0.0866,0.1843,0.6382,0.0932,TranS2S,0.8,0.9,1,0,0,0,0
36413793,0.2326,0.0488,0.1395,0.1395,0.8706,0.8694,0.87,0.3775,0.3333,0.1772,0.3101,0.8725,0.0066,TranS2S,0.8,0.9,1,0,0,0,0
35105472,0.1379,0.0,0.069,0.069,0.8434,0.8662,0.8547,0.3378,0.0,0.1064,0.1355,0.6396,0.0042,TranS2S,0.0,1.0,0,0,1,0,0
38048733,0.3478,0.2727,0.3478,0.3478,0.8762,0.8626,0.8693,0.1928,0.3333,0.0583,0.1295,0.816,0.0072,TranS2S,0.5,0.8,1,0,0,0,0
36258221,0.4242,0.3226,0.3636,0.3636,0.9102,0.9038,0.907,0.0963,0.6667,0.0373,0.1527,0.7492,0.0118,TranS2S,0.8,0.9,1,0,0,0,0
36008563,0.3404,0.1333,0.3404,0.3404,0.8517,0.8746,0.863,1.107,0.3333,0.3743,0.4821,0.6964,0.0205,TranS2S,0.5,0.8,1,0,0,0,0
37546354,0.4286,0.1,0.2857,0.2857,0.8897,0.8629,0.8761,0.322,0.3333,0.1293,0.3099,0.9423,0.0,TranS2S,0.5,0.8,1,0,0,1,1
38342554,0.5455,0.2581,0.4242,0.4242,0.9227,0.8956,0.9089,0.0881,0.0,0.032,0.1445,0.703,0.0111,TranS2S,0.5,0.8,1,0,0,0,0
39553192,0.3333,0.1429,0.2667,0.2667,0.8981,0.8872,0.8926,0.223,0.6667,0.0736,0.2288,0.5362,0.3902,TranS2S,0.8,0.9,1,0,0,0,0
27775709,0.1667,0.0,0.0556,0.0556,0.8777,0.8845,0.8811,0.096,0.0,0.026,0.1156,0.8064,0.0,TranS2S,0.8,0.9,1,0,0,0,0
32296663,0.6857,0.5455,0.6857,0.6857,0.9664,0.9423,0.9542,0.0047,0.0,0.0017,0.0288,0.6193,0.1882,TranS2S,0.0,1.0,0,0,1,0,0
25567298,0.2381,0.0,0.0952,0.0952,0.8741,0.8869,0.8805,0.097,0.0,0.0493,0.129,0.6917,0.0164,TranS2S,0.5,0.8,1,0,0,0,0
31873298,0.1026,0.0541,0.1026,0.1026,0.8454,0.8363,0.8408,0.3755,0.3333,0.2,0.2849,0.8538,0.0,TranS2S,0.8,0.9,1,0,0,0,0
38592703,0.2581,0.069,0.2581,0.2581,0.8916,0.8875,0.8895,1.3347,1.0,0.5991,0.7133,0.6634,0.1122,TranS2S,0.5,0.8,1,0,0,0,0
29450120,0.2581,0.0,0.1935,0.1935,0.8567,0.8322,0.8443,1.3146,0.3333,0.3904,0.5033,0.7076,0.0787,TranS2S,0.5,0.8,1,0,0,0,0
21197406,0.2222,0.0,0.1481,0.1481,0.8943,0.8796,0.8869,0.0374,0.3333,0.0136,0.1005,0.5512,0.4382,TranS2S,0.8,0.9,1,0,0,0,0
37902151,0.48,0.087,0.32,0.32,0.8763,0.8859,0.8811,0.3772,0.0,0.1794,0.2828,0.8433,0.0,TranS2S,0.8,0.9,1,0,0,0,0
32221351,0.4444,0.1765,0.2222,0.2222,0.9223,0.9059,0.914,0.1162,0.0,0.0478,0.1408,0.6177,0.1512,TranS2S,0.8,0.9,1,0,0,0,0
16679938,0.3571,0.0741,0.2143,0.2143,0.8564,0.8609,0.8587,0.4631,0.3333,0.2391,0.3076,0.4929,0.7103,TranS2S,0.2,0.8,1,0,0,0,0
25654437,0.2308,0.0,0.1154,0.1154,0.8194,0.8448,0.8319,0.6821,0.6667,0.2887,0.4638,0.2033,1.0,TranS2S,0.8,0.9,1,0,0,0,0
37863033,0.5128,0.2162,0.4615,0.4615,0.8407,0.9025,0.8705,0.6003,0.3333,0.28,0.4242,0.6403,0.1844,TranS2S,0.8,0.9,1,0,0,0,0
36390416,0.88,0.8696,0.88,0.88,0.9234,0.9098,0.9165,0.0173,0.0,0.0067,0.0372,0.72,0.0116,TranS2S,0.2,0.8,1,0,0,0,0
34934781,0.2703,0.1143,0.2162,0.2162,0.8728,0.8508,0.8616,0.189,0.0,0.0737,0.1749,0.6065,0.2524,TranS2S,0.8,0.9,1,0,0,0,0
29911712,0.2632,0.0556,0.2105,0.2105,0.8926,0.8764,0.8844,1.8642,0.6667,0.623,0.6159,0.8788,0.0,TranS2S,0.8,0.9,1,0,0,0,0
38260939,0.3182,0.0952,0.2727,0.2727,0.8773,0.8859,0.8816,0.0391,0.3333,0.0153,0.0658,0.8577,0.0,TranS2S,0.8,0.9,1,0,0,0,0
40944669,0.3243,0.0571,0.3243,0.3243,0.8913,0.8737,0.8824,0.0034,0.3333,0.0011,0.0203,0.8571,0.0,TranS2S,0.8,0.9,1,0,0,0,0
39938984,0.15,0.0,0.1,0.1,0.7957,0.8278,0.8114,0.6526,0.3333,0.3365,0.372,0.7969,0.0,TranS2S,0.8,0.9,1,0,0,0,0
39600124,0.1923,0.0,0.1538,0.1538,0.8512,0.8363,0.8437,0.1381,0.3333,0.0546,0.224,0.7303,0.0056,TranS2S,0.8,0.9,1,0,0,0,0
33557471,0.5,0.2667,0.4375,0.4375,0.8806,0.8961,0.8883,0.2538,0.0,0.1381,0.2236,0.6961,0.1136,TranS2S,0.8,0.9,1,0,0,0,0
35903821,0.2857,0.1,0.2857,0.2857,0.8727,0.867,0.8698,0.506,0.3333,0.2392,0.2952,0.9136,0.0,TranS2S,0.8,0.9,1,0,0,0,0
18194275,0.2759,0.0,0.2069,0.2069,0.876,0.851,0.8633,2.5709,0.6667,0.8099,0.7222,0.8506,0.0,TranS2S,0.8,0.9,1,0,0,0,0
38213922,0.4681,0.3111,0.4255,0.4255,0.9025,0.8699,0.8859,0.1788,0.0,0.1,0.1849,0.8923,0.0,TranS2S,0.5,0.8,1,0,0,0,0
37203942,0.0741,0.0,0.0741,0.0741,0.8768,0.875,0.8759,1.1002,0.3333,0.4978,0.628,0.7137,0.027,TranS2S,0.8,0.9,1,0,0,0,0
40267739,0.2727,0.1429,0.2273,0.2273,0.8736,0.8552,0.8643,1.256,0.6667,0.488,0.5384,0.7261,0.0075,TranS2S,0.8,0.9,1,0,0,0,0
34148931,0.3111,0.1395,0.2667,0.2667,0.8805,0.8777,0.8791,1.1362,0.6667,0.3081,0.4772,0.6091,0.124,TranS2S,0.8,0.9,1,0,0,0,0
27387425,0.3784,0.1714,0.3784,0.3784,0.8777,0.8578,0.8676,0.7705,0.3333,0.3089,0.3566,0.7565,0.0,TranS2S,0.8,0.9,1,0,0,1,1
37551923,0.3333,0.0588,0.2222,0.2222,0.8723,0.8826,0.8774,2.577,1.0,0.6466,0.723,0.8129,0.0,TranS2S,1.0,0.9,1,0,0,0,0
38333121,0.4444,0.2941,0.4444,0.4444,0.9095,0.913,0.9112,0.3013,0.0,0.0562,0.1224,0.8424,0.0,TranS2S,0.8,0.9,1,0,0,0,0
33751212,0.1778,0.0,0.0889,0.0889,0.8644,0.839,0.8515,0.8641,0.6667,0.3167,0.4622,0.8409,0.0,TranS2S,0.8,0.9,1,0,0,0,0
31774668,0.3889,0.1176,0.2222,0.2222,0.9092,0.8896,0.8993,0.0672,0.0,0.0383,0.0767,0.5206,0.5195,TranS2S,0.5,0.8,1,0,0,0,0
38778996,0.375,0.0667,0.25,0.25,0.867,0.8669,0.867,0.3193,0.3333,0.1421,0.2397,0.7605,0.0093,TranS2S,0.5,0.8,1,0,0,0,0
38921269,0.4828,0.2222,0.4138,0.4138,0.8898,0.8743,0.882,0.1463,0.3333,0.0673,0.1995,0.8615,0.0,TranS2S,0.5,0.8,1,0,0,0,0
26065545,0.1951,0.0,0.1951,0.1951,0.8658,0.8317,0.8484,0.1657,0.0,0.0935,0.1593,0.5765,0.2544,TranS2S,0.8,0.9,1,0,0,0,0
37949101,0.5957,0.2667,0.383,0.383,0.9227,0.9158,0.9192,0.2415,0.0,0.1097,0.2369,0.8225,0.0672,TranS2S,0.8,0.9,1,0,0,0,0
32843295,0.1333,0.0,0.0667,0.0667,0.9003,0.8692,0.8845,0.5268,0.6667,0.232,0.3223,0.9155,0.0,TranS2S,0.8,0.9,1,0,0,0,0
38722314,0.4348,0.0952,0.3478,0.3478,0.8564,0.8365,0.8463,0.0085,0.0,0.003,0.0376,0.9543,0.0,TranS2S,0.2,0.8,1,0,0,1,1
33928888,0.4848,0.2581,0.4242,0.4242,0.8908,0.8644,0.8774,0.4353,0.3333,0.1255,0.2593,0.476,0.8727,TranS2S,0.2,0.8,1,0,0,0,0
37576755,0.2083,0.0435,0.125,0.125,0.8609,0.836,0.8483,0.2607,0.3333,0.1236,0.2627,0.5701,0.1858,TranS2S,0.0,0.9,0,0,1,0,0
33505312,0.129,0.0,0.129,0.129,0.8499,0.7956,0.8219,0.1808,0.3333,0.0714,0.1851,0.7515,0.0204,TranS2S,0.8,0.9,1,0,0,0,0
36404868,0.186,0.0488,0.1395,0.1395,0.8479,0.8065,0.8267,0.1917,0.0,0.1066,0.1784,0.78,0.0,TranS2S,0.8,0.9,1,0,0,0,0
29999735,0.4878,0.3077,0.439,0.439,0.9309,0.9067,0.9187,0.1439,0.0,0.0663,0.1499,0.7642,0.0085,TranS2S,0.8,0.9,1,0,0,0,0
37618111,0.5714,0.25,0.4762,0.4762,0.9428,0.9325,0.9376,0.0482,0.3333,0.0172,0.1173,0.7624,0.0081,TranS2S,0.0,1.0,0,0,1,0,0
35733710,0.2,0.0526,0.2,0.2,0.8107,0.854,0.8318,0.614,0.3333,0.273,0.466,0.7458,0.0087,TranS2S,0.5,0.8,1,0,0,0,0
39255356,0.4286,0.15,0.2381,0.2381,0.873,0.8551,0.8639,0.1841,0.0,0.0888,0.2129,0.8643,0.0,TranS2S,0.8,0.9,1,0,0,0,0
35548510,0.2632,0.0556,0.2632,0.2632,0.8771,0.8106,0.8425,0.4475,0.3333,0.213,0.2993,0.5696,0.2583,TranS2S,0.8,0.9,1,0,0,0,0
40254741,0.3636,0.1935,0.303,0.303,0.8197,0.8354,0.8275,0.3978,0.6667,0.1296,0.3296,0.9716,0.0,TranS2S,1.0,0.9,0,1,0,0,0
36886766,0.3333,0.15,0.2857,0.2857,0.876,0.8668,0.8714,0.7623,0.3333,0.2562,0.3314,0.8339,0.0152,TranS2S,0.8,0.9,1,0,0,0,0
34775703,0.7222,0.5882,0.7222,0.7222,0.9432,0.9235,0.9333,0.0235,0.0,0.008,0.0623,0.6185,0.1358,TranS2S,0.0,1.0,0,0,1,0,0
38847045,0.4444,0.16,0.4444,0.4444,0.9095,0.8762,0.8926,0.1022,0.0,0.0404,0.1411,0.7975,0.0,TranS2S,0.5,0.8,1,0,0,0,0
36987557,0.5833,0.1818,0.4167,0.4167,0.9126,0.9136,0.9131,0.0729,0.3333,0.0274,0.1133,0.7277,0.125,TranS2S,1.0,0.8,1,0,0,0,0
29458868,0.3415,0.0513,0.3415,0.3415,0.9053,0.893,0.8991,0.1363,0.0,0.0776,0.1323,0.7442,0.0,TranS2S,0.5,0.8,1,0,0,0,0
39860898,0.6667,0.4706,0.6111,0.6111,0.9425,0.941,0.9418,0.1162,0.6667,0.0409,0.1449,0.8863,0.0099,TranS2S,0.8,0.9,1,0,0,0,0
33721182,0.5882,0.449,0.4314,0.4314,0.9294,0.9027,0.9158,1.4482,1.0,0.5739,0.7006,0.7374,0.034,TranS2S,0.0,1.0,0,0,1,0,0
39017131,0.5385,0.3333,0.5385,0.5385,0.9761,0.9535,0.9647,0.0701,0.3333,0.0246,0.1187,0.6977,0.12,TranS2S,0.0,1.0,0,0,1,0,0
40634994,0.3889,0.1765,0.3333,0.3333,0.9301,0.929,0.9296,0.3402,0.3333,0.1282,0.1578,0.6749,0.1579,TranS2S,0.8,0.9,1,0,0,0,0
35082344,0.2424,0.0645,0.2424,0.2424,0.8636,0.8986,0.8808,0.2568,0.3333,0.0988,0.2978,0.5294,0.4909,TranS2S,0.5,0.8,1,0,0,0,0
38946148,0.5909,0.4286,0.3636,0.3636,0.9054,0.8859,0.8955,0.2163,0.3333,0.0825,0.1848,0.917,0.0,TranS2S,0.0,1.0,0,0,1,0,0
39740178,0.3478,0.0455,0.2609,0.2609,0.8528,0.8591,0.8559,0.1017,0.0,0.0418,0.0927,0.7427,0.0315,PtGen,0.8,0.9,1,0,0,1,0
34759626,0.5714,0.5,0.5714,0.5714,0.9035,0.8961,0.8998,0.2486,0.3333,0.0816,0.1706,0.4432,0.9913,Gold,0.0,1.0,0,0,1,0,1
40630842,0.4091,0.1905,0.4091,0.4091,0.8882,0.8811,0.8846,0.2647,0.3333,0.0832,0.17,0.8259,0.0,PtGen,0.8,0.9,1,0,0,1,0
40899859,0.3556,0.0465,0.2222,0.2222,0.881,0.8687,0.8748,0.7786,0.6667,0.4114,0.3608,0.6887,0.0574,PtGen,0.8,0.9,1,0,0,1,0
33203666,0.1818,0.0,0.1212,0.1212,0.8678,0.875,0.8714,0.6613,0.3333,0.2856,0.3798,0.7638,0.0,TConvS2S,0.8,0.9,1,0,0,1,0
37972178,0.4375,0.2,0.375,0.375,0.9052,0.8839,0.8944,0.217,0.3333,0.0777,0.2098,0.9009,0.0,PtGen,0.5,0.8,1,0,0,1,0
27786442,0.4062,0.2258,0.3438,0.3438,0.8392,0.8845,0.8613,0.1007,0.0,0.0644,0.1006,0.9925,0.0,PtGen,0.8,0.9,0,1,0,1,1
28783667,0.381,0.2,0.2381,0.2381,0.849,0.8081,0.8281,1.4964,0.3333,0.6137,0.7055,0.8435,0.0155,TConvS2S,0.8,0.9,1,0,0,1,1
37576755,0.3636,0.0645,0.2424,0.2424,0.8625,0.8559,0.8591,0.3094,0.3333,0.1115,0.223,0.7299,0.0208,TConvS2S,0.5,0.8,1,0,0,1,1
40873665,0.7692,0.5946,0.6667,0.6667,0.9342,0.9627,0.9482,0.0578,0.0,0.0237,0.1051,0.8212,0.0081,TConvS2S,0.0,1.0,0,0,1,0,1
19577896,0.381,0.25,0.381,0.381,0.9292,0.8934,0.911,0.106,0.3333,0.0457,0.1471,0.7434,0.0101,Gold,0.0,1.0,0,0,1,0,0
35289959,0.4615,0.2162,0.359,0.359,0.9484,0.9085,0.928,0.0907,0.0,0.0297,0.1164,0.6084,0.1064,Gold,0.5,0.8,1,0,0,1,0
39037666,0.3429,0.1818,0.2857,0.2857,0.9012,0.8716,0.8862,0.1032,0.0,0.0535,0.1277,0.7632,0.0112,TConvS2S,0.3,0.8,1,0,0,1,0
35521849,0.3,0.1053,0.2,0.2,0.8463,0.8563,0.8513,0.1722,0.3333,0.0711,0.1949,0.7524,0.1071,Gold,0.0,1.0,0,0,1,0,0
34934781,0.45,0.1579,0.35,0.35,0.8767,0.8485,0.8624,0.2779,0.6667,0.1232,0.2615,0.7767,0.0,PtGen,0.0,1.0,0,0,1,0,0
40415756,0.3158,0.1667,0.2105,0.2105,0.9026,0.891,0.8968,0.118,0.0,0.046,0.1695,0.8028,0.0,PtGen,0.8,0.9,1,0,0,1,1
34125832,0.4,0.1212,0.2857,0.2857,0.919,0.8981,0.9084,1.734,0.6667,0.5799,0.6692,0.9303,0.0,Gold,0.5,0.8,1,0,0,1,1
37576654,0.2105,0.0,0.2105,0.2105,0.8678,0.8778,0.8728,0.0524,0.0,0.0186,0.0913,0.7626,0.0,BERTS2S,0.8,0.9,1,0,0,1,0
31873298,0.1,0.0526,0.1,0.1,0.8287,0.8236,0.8261,0.3833,0.6667,0.1503,0.2866,0.8665,0.0,BERTS2S,0.8,0.9,1,0,0,1,1
37618111,0.6286,0.4848,0.6286,0.6286,0.9218,0.9632,0.942,0.2927,0.3333,0.0707,0.1764,0.7706,0.0081,Gold,0.0,1.0,0,0,1,0,0
34832083,0.2857,0.0606,0.2286,0.2286,0.9036,0.879,0.8912,0.3731,0.3333,0.1519,0.3081,0.7613,0.0,PtGen,0.8,0.9,1,0,0,1,0
35289959,0.2778,0.0588,0.2778,0.2778,0.8913,0.8352,0.8623,0.3831,0.3333,0.1725,0.3435,0.6296,0.1064,PtGen,0.8,0.9,1,0,0,1,1
37900100,0.6,0.3333,0.6,0.6,0.9413,0.9675,0.9542,0.3321,0.3333,0.1304,0.2689,0.8246,0.0068,BERTS2S,0.0,1.0,0,0,1,0,0
32979370,0.2941,0.1875,0.1765,0.1765,0.9088,0.8767,0.8925,0.3194,0.6667,0.1262,0.267,0.7153,0.0,PtGen,0.0,1.0,0,0,1,0,0
37913436,0.5238,0.15,0.3333,0.3333,0.8956,0.9063,0.9009,0.5501,0.3333,0.1503,0.2989,0.6929,0.0699,TConvS2S,0.8,0.9,1,0,0,1,0
27775709,0.5,0.2,0.3125,0.3125,0.8959,0.9009,0.8984,0.1594,0.3333,0.054,0.1973,0.8252,0.0,Gold,0.5,0.8,1,0,0,1,1
22299596,0.4878,0.359,0.3415,0.3415,0.9348,0.9206,0.9276,0.0003,0.0,0.0001,0.0034,0.4658,0.9898,Gold,0.8,0.9,0,1,0,1,1
35521849,0.2857,0.05,0.2381,0.2381,0.8761,0.8593,0.8676,1.1247,0.6667,0.4425,0.5884,0.76,0.1081,PtGen,0.0,1.0,0,0,1,0,1
34461949,0.2609,0.0455,0.1739,0.1739,0.8845,0.8603,0.8722,0.187,0.3333,0.0748,0.2253,0.8362,0.0069,BERTS2S,0.0,1.0,0,0,1,0,1
37539801,0.5556,0.375,0.5556,0.5556,0.9243,0.9249,0.9246,0.5435,0.3333,0.2546,0.3387,0.4683,0.8036,TConvS2S,0.8,0.9,1,0,0,1,0
26065545,0.0488,0.0,0.0488,0.0488,0.8613,0.8185,0.8394,0.299,0.3333,0.1235,0.2399,0.7165,0.0152,TConvS2S,0.5,0.8,1,0,0,1,0
36404868,0.12,0.0,0.08,0.08,0.8399,0.8454,0.8426,0.1532,0.3333,0.078,0.1552,0.7426,0.0075,PtGen,0.0,1.0,0,0,1,0,0
37546354,0.3158,0.1111,0.3158,0.3158,0.8748,0.8431,0.8587,0.1044,0.3333,0.0402,0.1817,0.9429,0.0,TConvS2S,0.5,0.8,1,0,0,1,1
38329319,0.6286,0.2424,0.5143,0.5143,0.9224,0.9263,0.9243,0.145,0.0,0.0496,0.1334,0.8829,0.0,BERTS2S,0.8,0.9,1,0,0,1,1
30802827,0.25,0.2,0.25,0.25,0.8727,0.864,0.8683,0.4037,0.6667,0.123,0.271,0.7391,0.0299,Gold,0.0,1.0,0,0,1,0,0
38329319,0.4667,0.2143,0.4667,0.4667,0.8852,0.9148,0.8998,1.1803,0.6667,0.4385,0.5427,0.8899,0.0,TConvS2S,0.0,1.0,0,0,1,0,0
33928485,0.6383,0.2222,0.4255,0.4255,0.9336,0.9169,0.9252,0.6769,0.6667,0.236,0.4337,0.6271,0.0842,Gold,0.2,0.8,1,0,0,1,0
36081635,0.3019,0.0,0.1509,0.1509,0.8831,0.8696,0.8763,0.4661,0.0,0.1161,0.2619,0.789,0.0,BERTS2S,0.8,0.9,1,0,0,1,0
29450120,0.5294,0.375,0.4706,0.4706,0.91,0.8974,0.9037,0.2229,0.3333,0.0927,0.184,0.7036,0.0575,Gold,0.5,0.8,1,0,0,1,1
39438081,0.2273,0.0952,0.1818,0.1818,0.8531,0.8236,0.838,0.9928,0.3333,0.3317,0.446,0.8198,0.0065,PtGen,0.8,0.9,1,0,0,1,0
33626398,0.4286,0.1,0.2857,0.2857,0.8984,0.8774,0.8878,0.0864,0.0,0.0367,0.0627,0.7691,0.0,TConvS2S,0.8,0.9,1,0,0,1,1
36207647,0.9167,0.8182,0.9167,0.9167,0.9927,0.9846,0.9886,0.0168,0.3333,0.0056,0.0515,0.6119,0.1143,TConvS2S,0.0,1.0,0,0,1,0,1
32584708,0.5,0.2308,0.5,0.5,0.9541,0.9149,0.9341,0.0392,0.0,0.0197,0.0544,0.5548,0.5,BERTS2S,0.8,0.9,1,0,0,1,1
33928888,0.4,0.0606,0.2286,0.2286,0.8825,0.8624,0.8723,0.4345,0.3333,0.1252,0.221,0.476,0.8727,TConvS2S,0.5,0.8,1,0,0,1,1
36086291,0.35,0.1053,0.25,0.25,0.8734,0.8796,0.8765,0.0726,0.0,0.0308,0.121,0.8,0.0084,BERTS2S,0.8,0.9,1,0,0,1,0
30938477,0.5263,0.3333,0.5263,0.5263,0.9318,0.9035,0.9175,0.0232,0.0,0.008,0.0695,0.4026,0.9823,BERTS2S,0.8,0.9,1,0,0,1,1
39553192,0.3636,0.129,0.2424,0.2424,0.9043,0.8755,0.8897,0.189,0.3333,0.1025,0.1906,0.4496,0.9634,TConvS2S,0.5,0.8,1,0,0,1,1
21267591,0.4255,0.2667,0.3404,0.3404,0.865,0.857,0.8609,0.1814,0.3333,0.0736,0.1845,0.507,0.4295,PtGen,0.8,0.9,1,0,0,1,0
35243864,0.0,0.0,0.0,0.0,0.8491,0.8197,0.8341,0.3592,1.0,0.1324,0.3026,0.6022,0.1765,PtGen,0.8,0.9,1,0,0,1,1
36086291,0.1538,0.0,0.1026,0.1026,0.8389,0.8386,0.8387,0.4149,0.3333,0.1677,0.2028,0.6259,0.0254,TConvS2S,0.0,1.0,0,0,1,0,0
41009988,0.5714,0.3077,0.5,0.5,0.9498,0.9453,0.9475,0.0045,0.0,0.0013,0.0079,0.8223,0.0,BERTS2S,0.8,0.9,1,0,0,1,0
27387425,0.4865,0.2286,0.4324,0.4324,0.9028,0.862,0.882,0.4024,0.6667,0.2128,0.3487,0.7565,0.0,TConvS2S,0.8,0.9,1,0,0,1,0
38450424,0.1702,0.0,0.1702,0.1702,0.8755,0.8651,0.8703,0.0646,0.0,0.0253,0.1088,0.7706,0.0097,PtGen,0.8,0.9,0,1,0,1,1
11154244,0.4848,0.2581,0.4242,0.4242,0.9396,0.9198,0.9296,0.0291,0.0,0.0107,0.0661,0.6962,0.0244,Gold,0.0,1.0,0,0,1,0,0
28713677,0.5385,0.4167,0.5385,0.5385,0.9187,0.9282,0.9234,0.0662,0.0,0.0341,0.0805,0.8169,0.0,BERTS2S,0.8,0.9,1,0,0,1,1
38285834,0.3913,0.1818,0.2174,0.2174,0.8609,0.8655,0.8632,0.1616,0.0,0.0936,0.1421,0.7091,0.0,PtGen,0.8,0.9,1,0,0,1,0
31821135,0.4865,0.2286,0.4324,0.4324,0.9025,0.8857,0.894,0.1651,0.3333,0.0566,0.1782,0.6888,0.0976,TranS2S,0.8,0.9,1,0,0,1,1
40911747,0.5581,0.2927,0.3721,0.3721,0.8903,0.892,0.8911,0.7995,0.6667,0.2348,0.3473,0.6722,0.031,TConvS2S,0.8,0.9,1,0,0,1,0
37972178,0.5714,0.4211,0.5714,0.5714,0.9571,0.9425,0.9498,0.0933,0.0,0.033,0.1673,0.8943,0.0,TConvS2S,0.8,0.9,1,0,0,1,0
25567298,0.3182,0.0952,0.3182,0.3182,0.8845,0.8851,0.8848,0.8783,0.6667,0.2941,0.445,0.6895,0.0161,PtGen,0.0,1.0,0,0,1,0,0
38450424,0.4,0.3158,0.35,0.35,0.9094,0.913,0.9112,1.5377,0.6667,0.4122,0.4932,0.856,0.0,BERTS2S,0.8,0.9,1,0,0,1,1
18644660,0.2222,0.0465,0.2222,0.2222,0.8371,0.832,0.8346,0.4018,0.6667,0.1445,0.3396,0.8287,0.0,BERTS2S,0.0,1.0,0,0,1,0,1
38184840,0.5,0.2105,0.35,0.35,0.9122,0.8801,0.8959,2.9004,0.6667,0.8105,0.6683,0.8434,0.0,PtGen,0.8,0.9,1,0,0,1,0
36467415,0.1333,0.0,0.1333,0.1333,0.8749,0.8686,0.8717,0.9652,1.0,0.3997,0.5462,0.8694,0.0,PtGen,1.0,0.9,0,1,0,1,0
37902151,0.7143,0.3846,0.5,0.5,0.9207,0.9218,0.9213,0.1006,0.0,0.0313,0.1012,0.8433,0.0,BERTS2S,0.5,0.8,1,0,0,1,1
34759626,0.3158,0.1111,0.3158,0.3158,0.8891,0.8684,0.8786,0.1285,0.3333,0.0513,0.1673,0.656,0.0738,TConvS2S,0.8,0.9,0,1,0,1,1
33203666,0.35,0.1053,0.3,0.3,0.8967,0.8889,0.8928,0.1098,0.0,0.0387,0.1438,0.7638,0.0,Gold,0.0,1.0,0,0,1,0,1
30520122,0.4681,0.2667,0.383,0.383,0.8985,0.8736,0.8859,0.9566,0.3333,0.3254,0.3882,0.8419,0.0,Gold,0.5,0.8,1,0,0,1,0
34832083,0.2857,0.1212,0.2286,0.2286,0.8853,0.8903,0.8878,0.7795,0.6667,0.3041,0.3643,0.7765,0.0,BERTS2S,0.0,1.0,0,0,1,0,0
28783667,0.913,0.8636,0.913,0.913,0.9399,0.9297,0.9348,0.0131,0.0,0.0046,0.0486,0.8435,0.0155,Gold,0.0,1.0,0,0,1,0,1
38342554,0.5455,0.3871,0.4242,0.4242,0.9115,0.9209,0.9162,0.1582,0.3333,0.0882,0.1443,0.703,0.0111,BERTS2S,0.8,0.9,1,0,0,1,1
26381454,0.4286,0.2,0.381,0.381,0.906,0.9013,0.9036,0.488,1.0,0.253,0.3453,0.8847,0.0,BERTS2S,0.8,0.9,1,0,0,1,1
32843295,0.2857,0.0606,0.2857,0.2857,0.9013,0.8745,0.8877,1.317,1.0,0.5437,0.4993,0.9155,0.0,PtGen,0.8,0.9,1,0,0,1,0
24553569,0.55,0.2632,0.4,0.4,0.9253,0.8952,0.91,0.4683,0.6667,0.1586,0.3269,0.6253,0.0278,Gold,0.8,0.9,1,0,0,1,1
40419819,0.2703,0.0,0.1622,0.1622,0.8685,0.903,0.8854,0.5929,0.3333,0.2113,0.3399,0.688,0.0268,PtGen,0.8,0.9,1,0,0,1,1
35521849,0.383,0.1778,0.3404,0.3404,0.8732,0.8663,0.8697,0.1221,0.0,0.0423,0.0643,0.7539,0.1071,BERTS2S,0.8,0.9,1,0,0,1,0
36711337,0.1702,0.0,0.1277,0.1277,0.8606,0.8765,0.8685,0.3696,0.0,0.1996,0.3156,0.748,0.0847,TConvS2S,0.8,0.9,1,0,0,1,1
33183140,0.4681,0.1333,0.2979,0.2979,0.9025,0.8946,0.8986,0.0838,0.0,0.0311,0.1155,0.579,0.1277,PtGen,0.0,1.0,0,0,1,0,1
21326309,0.3846,0.3333,0.3846,0.3846,0.9476,0.9065,0.9266,0.2922,0.0,0.1275,0.2815,0.7903,0.0,BERTS2S,0.5,0.8,1,0,0,1,1
21712349,0.4706,0.375,0.4706,0.4706,0.9344,0.9172,0.9257,0.3058,0.0,0.1523,0.2377,0.4923,0.5773,BERTS2S,0.0,1.0,0,0,1,0,1
38260939,0.5128,0.2703,0.4615,0.4615,0.9223,0.9232,0.9227,0.3203,0.3333,0.1465,0.2669,0.9089,0.0,BERTS2S,0.8,0.9,1,0,0,1,1
38872959,0.6316,0.4444,0.6316,0.6316,0.9472,0.9464,0.9468,0.2216,0.0,0.1244,0.2038,0.6646,0.1348,BERTS2S,0.8,0.9,1,0,0,1,0
39255356,0.7742,0.4828,0.6452,0.6452,0.9032,0.9056,0.9044,0.1109,0.3333,0.0402,0.144,0.8643,0.0,Gold,0.5,0.8,1,0,0,1,1
32194983,0.0656,0.0,0.0656,0.0656,0.8315,0.8613,0.8462,0.0978,0.0,0.0327,0.1442,0.3824,0.9842,TConvS2S,0.8,0.9,0,1,0,1,1
38413986,0.1333,0.0,0.1333,0.1333,0.8431,0.8602,0.8516,0.1313,0.0,0.048,0.1947,0.6799,0.0159,TConvS2S,0.0,1.0,0,0,1,0,1
28783667,0.4,0.1395,0.2667,0.2667,0.8502,0.82,0.8348,0.9403,0.6667,0.4584,0.5216,0.8435,0.0155,PtGen,0.8,0.9,1,0,0,1,1
39263182,0.2759,0.0,0.2069,0.2069,0.8769,0.9009,0.8888,0.9895,0.6667,0.442,0.4736,0.6906,0.0122,BERTS2S,0.0,1.0,0,0,1,0,0
24553569,0.4444,0.2941,0.3333,0.3333,0.8849,0.8821,0.8835,0.8806,0.6667,0.332,0.4453,0.6963,0.0145,PtGen,0.8,0.9,1,0,0,1,1
37913436,0.5581,0.2927,0.3721,0.3721,0.8805,0.9082,0.8941,0.8792,0.3333,0.2051,0.3073,0.7075,0.0581,Gold,0.0,1.0,0,0,1,0,0
22299596,0.625,0.4,0.5625,0.5625,0.9167,0.9497,0.9329,1.4002,0.6667,0.2955,0.4234,0.9375,0.0,BERTS2S,0.8,0.9,1,0,0,1,1
35086370,0.2162,0.0,0.1622,0.1622,0.8762,0.8461,0.8609,0.1141,0.3333,0.0436,0.1725,0.802,0.0088,PtGen,0.8,0.9,1,0,0,1,1
39600124,0.36,0.125,0.32,0.32,0.8819,0.8818,0.8819,0.2735,0.3333,0.1042,0.3019,0.7383,0.005,PtGen,0.8,0.9,1,0,0,1,1
36051192,0.375,0.1739,0.3333,0.3333,0.8682,0.8727,0.8704,0.2087,0.3333,0.069,0.1839,0.8929,0.0,BERTS2S,0.8,0.9,0,1,0,1,1
36003512,0.8889,0.56,0.5926,0.5926,0.9416,0.9448,0.9432,0.6468,0.6667,0.2604,0.4867,0.6696,0.0575,BERTS2S,0.8,0.9,1,0,0,1,1
26817428,0.3333,0.1176,0.2222,0.2222,0.8644,0.8825,0.8734,0.3389,0.6667,0.1497,0.3075,0.8487,0.0,BERTS2S,0.0,1.0,0,0,1,0,1
34774405,0.0556,0.0,0.0556,0.0556,0.8457,0.8288,0.8372,0.193,0.3333,0.0656,0.2433,0.7773,0.0,PtGen,0.8,0.9,1,0,0,1,0
37546354,0.4091,0.1905,0.3636,0.3636,0.8998,0.864,0.8816,0.3365,0.3333,0.1426,0.2903,0.9429,0.0,Gold,0.5,0.8,1,0,0,1,0
35266927,0.4091,0.1905,0.3182,0.3182,0.8713,0.8387,0.8547,0.073,0.0,0.0222,0.075,0.7423,0.0227,PtGen,0.8,0.9,1,0,0,1,1
30802827,0.7143,0.6923,0.7143,0.7143,0.9211,0.8747,0.8973,0.0558,0.0,0.0187,0.1056,0.7391,0.0299,BERTS2S,0.5,0.8,1,0,0,1,0
38248599,0.5455,0.2,0.5455,0.5455,0.9382,0.9218,0.9299,1.2834,0.3333,0.3977,0.394,0.564,0.2679,TConvS2S,0.0,1.0,0,0,1,0,0
39553812,0.2308,0.0,0.1538,0.1538,0.8407,0.8342,0.8374,0.2769,0.6667,0.1005,0.271,0.5496,0.4159,Gold,0.0,1.0,0,0,1,0,0
38134212,0.3333,0.1429,0.2,0.2,0.9061,0.8742,0.8899,0.2048,0.0,0.1083,0.1933,0.8364,0.0,PtGen,0.5,0.8,0,1,0,1,0
38413986,0.2353,0.125,0.2353,0.2353,0.8609,0.865,0.8629,0.2025,0.0,0.0832,0.2205,0.6941,0.0141,TranS2S,0.8,0.9,1,0,0,1,0
38316455,0.1905,0.05,0.0952,0.0952,0.8693,0.8751,0.8722,0.2493,0.6667,0.0996,0.2313,0.6965,0.0909,TConvS2S,0.8,0.9,1,0,0,1,1
36423607,0.56,0.3333,0.44,0.44,0.918,0.8784,0.8978,1.5286,0.6667,0.6181,0.6355,0.7566,0.0084,Gold,0.5,0.8,1,0,0,1,0
19311364,0.2414,0.0714,0.1724,0.1724,0.8388,0.8544,0.8465,0.7157,1.0,0.2739,0.5162,0.9232,0.0,PtGen,0.8,0.9,0,1,0,1,1
33794974,0.4545,0.1905,0.4091,0.4091,0.9072,0.8909,0.899,0.0959,0.3333,0.036,0.1575,0.9307,0.0,PtGen,0.8,0.9,1,0,0,1,0
36880863,0.8,0.6957,0.8,0.8,0.9615,0.9596,0.9605,0.4296,0.6667,0.1209,0.3088,0.3654,0.9722,TConvS2S,0.8,0.9,1,0,0,1,0
34104114,0.3333,0.05,0.3333,0.3333,0.906,0.9039,0.9049,0.7119,0.3333,0.1971,0.2589,0.9204,0.0,PtGen,0.8,0.9,1,0,0,1,1
39933716,0.8,0.5556,0.8,0.8,0.971,0.9602,0.9656,0.021,0.0,0.0062,0.034,0.8541,0.0,Gold,0.0,1.0,0,0,1,0,0
36964876,0.2857,0.1212,0.2286,0.2286,0.8793,0.8868,0.8831,0.4143,0.3333,0.2068,0.337,0.7224,0.0076,Gold,0.8,0.9,1,0,0,1,1
38328811,0.3846,0.1667,0.3846,0.3846,0.8721,0.8841,0.8781,0.2348,0.0,0.1238,0.22,0.6945,0.0366,BERTS2S,0.0,1.0,0,0,1,0,1
37546354,0.2778,0.0,0.1667,0.1667,0.891,0.8647,0.8777,2.179,0.6667,0.6307,0.6157,0.9429,0.0,PtGen,0.0,1.0,0,0,1,0,1
40639020,0.5532,0.3111,0.5106,0.5106,0.9361,0.8936,0.9144,0.0459,0.3333,0.0199,0.087,0.7318,0.098,BERTS2S,0.8,0.9,1,0,0,1,1
13599161,0.6471,0.25,0.4706,0.4706,0.9417,0.9426,0.9421,0.2678,0.6667,0.1216,0.2581,0.7055,0.0286,TranS2S,0.8,0.9,1,0,0,1,0
33675471,0.2632,0.0,0.1579,0.1579,0.8707,0.8673,0.869,0.179,0.0,0.1036,0.1772,0.6267,0.2231,PtGen,0.5,0.8,1,0,0,1,0
35494015,0.3,0.0,0.3,0.3,0.8874,0.9012,0.8942,0.7696,0.3333,0.2149,0.3024,0.8016,0.0091,TConvS2S,0.8,0.9,1,0,0,1,1
37278170,0.3478,0.1364,0.3043,0.3043,0.8972,0.8893,0.8933,0.3942,0.3333,0.1708,0.3473,0.9316,0.0,Gold,0.0,1.0,0,0,1,0,1
36086291,0.4889,0.186,0.3556,0.3556,0.8686,0.8842,0.8763,0.0219,0.0,0.0119,0.0249,0.7596,0.0,Gold,0.0,1.0,0,0,1,0,0
25840979,0.2424,0.0645,0.1212,0.1212,0.8666,0.8669,0.8667,0.8345,0.6667,0.4188,0.5651,0.8216,0.0,BERTS2S,0.2,0.8,0,1,0,1,1
33626398,0.4255,0.1333,0.383,0.383,0.9048,0.8702,0.8872,0.5382,0.3333,0.1576,0.1996,0.7557,0.0,PtGen,0.8,0.9,1,0,0,1,0
30891145,0.1818,0.0645,0.1818,0.1818,0.8564,0.8249,0.8403,0.1561,0.0,0.084,0.1917,0.6886,0.0879,PtGen,0.8,0.9,1,0,0,1,1
36903904,0.5106,0.1778,0.383,0.383,0.9005,0.8485,0.8737,0.2066,0.0,0.0758,0.1852,0.7332,0.0081,TConvS2S,0.8,0.9,0,1,0,1,0
38333121,0.5128,0.2703,0.5128,0.5128,0.9391,0.9121,0.9254,0.1586,0.0,0.0754,0.1674,0.7183,0.0472,Gold,0.8,0.9,1,0,0,1,0
40254741,0.4651,0.1951,0.4186,0.4186,0.8623,0.85,0.8561,0.0988,0.3333,0.0383,0.1307,0.9716,0.0,Gold,0.8,0.9,1,0,0,1,0
29911712,0.4444,0.2941,0.2778,0.2778,0.9069,0.903,0.905,0.0811,0.3333,0.0296,0.1174,0.8701,0.0,PtGen,0.8,0.9,1,0,0,1,1
40415021,0.6286,0.4242,0.5714,0.5714,0.9214,0.9343,0.9278,0.0148,0.0,0.0054,0.069,0.6072,0.2477,BERTS2S,0.8,0.9,1,0,0,1,1
39553192,0.2941,0.125,0.2941,0.2941,0.8916,0.8482,0.8694,0.017,0.0,0.0069,0.0432,0.4496,0.9634,PtGen,0.8,0.9,1,0,0,1,0
33960105,0.1379,0.0,0.1379,0.1379,0.8976,0.8771,0.8872,0.0266,0.3333,0.0093,0.0588,0.6596,0.0273,TConvS2S,0.5,0.8,1,0,0,1,0
38260939,0.3429,0.1212,0.3429,0.3429,0.8748,0.8661,0.8704,0.5561,0.6667,0.2192,0.3394,0.896,0.0,TConvS2S,0.8,0.9,1,0,0,1,1
32280676,0.4516,0.3448,0.4516,0.4516,0.9091,0.8756,0.892,0.611,0.6667,0.2288,0.3524,0.5579,0.3038,TConvS2S,0.8,0.9,1,0,0,1,1
40899859,0.3404,0.0889,0.2979,0.2979,0.9007,0.8765,0.8884,0.0413,0.0,0.015,0.0835,0.6887,0.0574,Gold,0.0,1.0,0,0,1,0,1
14844413,0.4571,0.2424,0.4,0.4,0.8761,0.898,0.8869,0.5387,0.3333,0.2787,0.4207,0.7717,0.0119,PtGen,0.0,1.0,0,0,1,0,0
38168461,0.4918,0.339,0.3607,0.3607,0.8733,0.9064,0.8895,0.8603,0.3333,0.2099,0.3339,0.4922,0.9159,Gold,0.5,0.8,1,0,0,1,1
27493801,0.2295,0.0678,0.1967,0.1967,0.8344,0.8665,0.8502,0.6063,0.3333,0.2797,0.4761,0.6903,0.0,BERTS2S,0.0,1.0,0,0,1,0,0
33261110,0.4545,0.1905,0.3182,0.3182,0.846,0.8692,0.8574,0.1463,0.0,0.0606,0.1948,0.6219,0.1042,BERTS2S,0.8,0.9,1,0,0,1,0
38333121,0.3784,0.2286,0.3784,0.3784,0.892,0.9075,0.8997,0.1583,0.0,0.0709,0.1958,0.7104,0.0472,PtGen,0.8,0.9,1,0,0,1,1